jrbs_report/WebRoot/resource/style/bootstrap/bootstrap.min.css,
jrbs_report/WebRoot/resource/style/colorbox.css,
jrbs_report/WebRoot/resource/My97DatePicker/lang/zh-tw.js,
jrbs_report/WebRoot/resource/My97DatePicker/lang/zh-cn.js,
jrbs_report/WebRoot/resource/My97DatePicker/lang/en.js,
jrbs_report/WebRoot/resource/My97DatePicker/skin/default/datepicker.css,
jrbs_report/WebRoot/resource/My97DatePicker/skin/whyGreen,
jrbs_report/WebRoot/resource/My97DatePicker/skin/whyGreen/img.gif,
jrbs_report/WebRoot/resource/My97DatePicker/skin/whyGreen/datepicker.css,
jrbs_report/WebRoot/resource/My97DatePicker/skin/whyGreen/bg.jpg,
jrbs_report/WebRoot/resource/My97DatePicker/skin/WdatePicker.css,
jrbs_report/WebRoot/resource/My97DatePicker/开发包/lang/zh-tw.js,
jrbs_report/WebRoot/resource/My97DatePicker/开发包/lang/zh-cn.js,
jrbs_report/WebRoot/resource/My97DatePicker/开发包/lang/en.js,
jrbs_report/WebRoot/resource/My97DatePicker/开发包/skin/datePicker.gif,
jrbs_report/WebRoot/resource/My97DatePicker/开发包/skin/default/img.gif,
jrbs_report/WebRoot/resource/My97DatePicker/开发包/skin/default/datepicker.css,
jrbs_report/WebRoot/resource/My97DatePicker/开发包/skin/whyGreen/img.gif,
jrbs_report/WebRoot/resource/My97DatePicker/开发包/skin/whyGreen/datepicker.css,
jrbs_report/WebRoot/resource/My97DatePicker/开发包/skin/whyGreen/bg.jpg,
jrbs_report/WebRoot/resource/My97DatePicker/开发包/skin/WdatePicker.css,
jrbs_report/WebRoot/resource/My97DatePicker/开发包/readme.txt,
jrbs_report/WebRoot/resource/My97DatePicker/WdatePicker.js,
jrbs_report/WebRoot/resource/script/jquery-1.7.2.min.js,
jrbs_report/WebRoot/resource/script/jquery.pagination.js,
jrbs_report/WebRoot/resource/script/echarts-method.js,
jrbs_report/WebRoot/resource/script/jquery-ui-slide.min.js,
jrbs_report/WebRoot/resource/script/jquery-validation-1.14.0/dist/jquery.validate.min.js,
jrbs_report/WebRoot/resource/script/jquery-validation-1.14.0/dist/localization/messages_zh.js,
jrbs_report/WebRoot/resource/script/jquery-validation-1.14.0/lib/jquery.js,
jrbs_report/WebRoot/resource/script/page.js,
jrbs_report/WebRoot/resource/script/echarts/echarts.js,
jrbs_report/WebRoot/resource/script/echarts/china.js,
jrbs_report/WebRoot/resource/script/jquery-1.8.0.js,
jrbs_report/WebRoot/resource/script/timepicker/jquery-ui-timepicker-addon.js,
jrbs_report/WebRoot/resource/script/timepicker/jquery-ui-timepicker-zh-CN.js,
jrbs_report/WebRoot/resource/script/jquery.colorbox-min.js,
jrbs_report/WebRoot/resource/script/common.js,
jrbs_report/WebRoot/resource/script/ajaxfileupload.js,
jrbs_report/WebRoot/resource/script/html5.js,
jrbs_report/WebRoot/resource/script/jquery.ui.dialog.js,
jrbs_report/WebRoot/resource/script/jquery-ui.js,
jrbs_report/WebRoot/resource/script/validation.js,
jrbs_report/WebRoot/resource/script/jquery.easyui.min.js,
jrbs_report/WebRoot/resource/script/jquery.boxy.js,
jrbs_report/WebRoot/resource/script/bootstrap/bootstrap.js,
jrbs_report/WebRoot/resource/script/bootstrap/bootstrap-paginator.js,
jrbs_report/WebRoot/resource/script/bootstrap/bootstrap.min.js,
jrbs_report/WebRoot/resource/script/jquery.post.js,
jrbs_report/WebRoot/resource/images/boxy/boxy-se.png,
jrbs_report/WebRoot/resource/images/boxy/boxy-sw.png,
jrbs_report/WebRoot/resource/images/furley_bg.png,
jrbs_report/WebRoot/resource/images/loading.gif,
jrbs_report/WebRoot/resource/images/ui-bg_glass_55_fbf9ee_1x400.png,
jrbs_report/WebRoot/resource/images/ui-bg_glass_75_dadada_1x400.png,
jrbs_report/WebRoot/resource/images/glyphicons-halflings-white.png,
jrbs_report/WebRoot/resource/images/ui-bg_flat_75_ffffff_40x100.png,
jrbs_report/WebRoot/resource/images/ui-bg_glass_75_e6e6e6_1x400.png,
jrbs_report/WebRoot/resource/images/glyphicons-halflings.png,
jrbs_report/WebRoot/page/confirm.jsp,
jrbs_report/WebRoot/page/right.jsp,
jrbs_report/WebRoot/page/top.jsp,
jrbs_report/dist/sql/url.sql,
jrbs_report/dist/sql/report_manage_module.sql,
jrbs_report/config/applicationContext_e_pringmvc.xml,
jrbs_report/config/applicationContext_a_dataSource.xml,
jrbs_report/config/applicationContext_d_mybatis.xml,
jrbs_report/config/applicationContext_k_log.xml,
jrbs_report/config/path.properties,
jrbs_report/config/emailEMConfig.properties,
jrbs_report/config/com/referral/persistence/ReferralMapper.xml,
jrbs_report/config/com/transfer/persistence/CapitalMapper.xml,
jrbs_report/config/com/transfer/persistence/ManagerModuleMapper.xml,
jrbs_report/config/com/transfer/persistence/OperationMapper.xml,
jrbs_report/src/com/transfer/service/EventsService.java,
jrbs_report/src/com/transfer/service/PlatformService.java,
jrbs_report/src/com/transfer/service/RoleOperationRelaService.java,
jrbs_report/src/com/transfer/service/LoanService.java,
jrbs_report/src/com/transfer/util/Utils.java,
jrbs_report/src/com/transfer/util/DateUtility.java,
jrbs_report/src/com/transfer/util/RSACoder.java,
jrbs_report/src/com/transfer/util/ObjectUtil.java,
jrbs_report/src/com/transfer/util/SecurityUtil.java,
jrbs_report/src/com/transfer/util/DownLoadUtil.java,
jrbs_report/src/com/transfer/util/JsonUtil.java,
jrbs_report/src/com/transfer/util/Page.java,
jrbs_report/src/com/transfer/util/Constants.java,
jrbs_report/src/com/transfer/util/DateUtils.java,
jrbs_report/src/com/transfer/Interceptor/SessionInterceptor.java,
jrbs_report/src/com/transfer/Interceptor/XSSFilter.java,
jrbs_report/src/com/transfer/Interceptor/XssHttpServletRequestWrapper.java
